{"cameraMode":{"drawMode":0,"name":"Shaded","section":"Shading Mode"},"sceneLighting":true,"audioPlay":false,"sceneViewState":{"m_AlwaysRefresh":false,"showFog":true,"showSkybox":true,"showFlares":true,"showImageEffects":true,"showParticleSystems":true,"showVisualEffectGraphs":true,"m_FxEnabled":true},"in2DMode":false,"pivot":{"x":-0.11715643107891083,"y":-0.0023502036929130556,"z":0.13033458590507508},"rotation":{"x":0.15929608047008515,"y":0.15479588508605958,"z":-0.02529868483543396,"w":0.9746919274330139},"size":0.11388927698135376,"orthographic":false}